{
    "Mean Squared Error  ": 12.924133145881786,
    "Root Mean Squared Error  ": 3.5950150411203827,
    "Mean Absolute Error: ": 2.5495496333274104,
    "R2 Score ": 0.17436685279178732
}